Project,Address,Address (Obscured),Address_Clean,Watershed,Building Use,"Solar over Ecoroof",Type,Year Built,Size (sf),Number,Latitude(Non Obscured),Longitude (Non Obscured),Confidence (Non Obscured),Latitude,Longitude,Confidence,Depth Min,Depth Max,Depth Notes,Composition,Irrigation,Irrigation Notes,Drainage,Plants,Maintenance,Contractor,Notes
1200 Building,1200 SW 12th Ave,1200 SW 12th Ave,1200 SW 12TH AVE,Willamette,commercial,,Reroof,2010,7500,1,45.51729418,-122.6858215,High,45.51729,-122.686,High,3.5,3.5,,Pro-Gro Light,Yes ,Disposable,,,,,
Ankeny Lofts,2501-2507 SE Ankeny St,2501-2507 SE Ankeny St,2501-2507 SE ANKENY ST,Willamette,commercial,,New,2011,1224,2,45.5226593,-122.6217499,Medium,45.52216,-122.639,High,4,4,,Pro-Gro Extensive,Yes,Hand,,,,,
residence,2835 SW Miles St,SW 29th Ave and SW Miles St,2835 SW MILES ST,Fanno/Tryon,residential,,New,2013,1560,1,45.4708252,-122.7063675,High,45.47068,-122.707,High,5,5,,Unknown,No,,,,,,
Bud Clark Commons,650 NW Irving St,650 NW Irving St,650 NW IRVING ST,Willamette,commercial,,New,2011,3400,1,45.52790833,-122.6853409,Medium,45.52791,-122.685,Medium,,,,Pro-Gro Extensive,Yes,,,,,,
residence,521 SE 18th Ave,SE 18th Ave and SE Stark St,521 SE 18TH AVE,Willamette,residential,,Reroof,2011,160,1,45.51891708,-122.6478577,High,45.51932,-122.648,High,,,,Unknown,No,,,,,,
residence,3808 SW Dosch Rd,SW Dosch Rd and SW Dosch Ct,3808 SW DOSCH RD,Fanno/Tryon,residential,,New,2010,400,1,45.49592972,-122.7112808,High,45.49628,-122.712,High,4,4,,Unknown,Yes,Disposable,,,,,
residence,5035 N Depauw St,N Depauw St and N Hodge Ave,5035 N DEPAUW ST,Columbia Slough,residential,,New,2010,120,1,45.57932281,-122.7222443,High,45.57934,-122.723,High,4,4,,Unknown,,,,,,,
residence,1542 N Simpson Ave,N Simpson St and N Interstate Ave,1542 N SIMPSON AVE,Columbia Slough,residential,,New,2012,1820,2,45.56523514,-122.6832047,High,45.56549,-122.682,High,3.5,3.5,,Pro-Gro Extensive,No,,,,,,
Cully Grove,4745 NE Going St,4745 NE Going St,4745 NE GOING ST,Columbia Slough,commercial,,New,2013,2035,2,45.55755615,-122.6136856,High,45.55696,-122.613,High,3,6,,Pro-Gro Extensive,Yes,,,,,,
residence,2730 NE Schuyler St,NE 28th Ave and NE Schuyler St,2730 NE SCHUYLER ST,Willamette,residential,,Reroof,2009,220,1,45.53553391,-122.6374817,High,45.53571,-122.637,High,4,8,,Unknown,Yes,Hand,,,,,
residence,2846 SE Ankeny St,SE 28th Ave and SE Ankeny St,2846 SE ANKENY ST,Willamette,residential,,New,2012,300,1,45.52190781,-122.6362839,High,45.52214,-122.637,High,4,4,,Phillips Soil Products Intensive B-4 Mix,Yes,Hand,,,,,
East Multnomah Soil and Water Conservation District,5211 N Williams Ave,5211 N Williams Ave,5211 N WILLIAMS AVE,Columbia Slough,commercial,,Reroof,2010,700,1,45.56085968,-122.6673737,High,45.56086,-122.667,High,4,4,,Pro-Gro Extensive,Yes,,,,,,
residence,721 NE Hazelfern Pl,NE Hazelfern Pl and NE Peerless Pl,721 NE HAZELFERN PL,Willamette,residential,,Reroof,2012,220,1,45.52867508,-122.6273346,High,45.52826,-122.627,High,,,,Pro-Gro Extensive,,,,,,,
residence,1411 SE 55th Ave,SE 55th Ave and SE Hawthorne Blvd,1411 SE 55TH AVE,Willamette,residential,,Reroof,2013,730,1,45.51264572,-122.607132,High,45.51200,-122.607,High,,,,Unknown,Yes,Hand,,,,,
400 Building,400 SW 6th Ave,400 SW 6th Ave,400 SW 6TH AVE,Willamette,commercial,,Reroof,2013,2000,1,45.52065659,-122.6773682,High,45.52066,-122.677,High,1,1,,Tray System,No,,,,,,
Cascade Building,520 SW 6th Ave,520 SW 6th Ave,520 SW 6TH AVE,Willamette,commercial,,Reroof,2013,700,1,45.52015677,-122.6779023,High,45.52016,-122.678,High,1,1,,Tray System,No,,,,,,
residence,2611 SW Sunset Blvd,SW 27th Ave and SW Sunset Blvd,2611 SW SUNSET BLVD,Fanno/Tryon,residential,,New,2013,736,1,45.48904037,-122.7041702,High,45.48870,-122.705,High,,,,Unknown,,,,,,,
UP Fields and Schoenfeldt Hall,5620 N Warren St,5620 N Warren St,5620 N WARREN ST,Willamette,institutional,,New,2009,1800,2,45.57577896,-122.731842,High,45.57578,-122.732,High,12,14,,Pro-Gro Intensive Rooftop Soil,Yes ,Drip,Drainage layer (Tremco Tremdrain GR) with overflow roof drain,,UP grounds crew will do ongoing monitoring & maintaing weeds,,
residence,2021 SE 44th Ave,SE 44th Ave and SE Harrison St,2021 SE 44TH AVE,Willamette,residential,,New,2011,780,1,45.50837326,-122.6174393,High,45.50876,-122.617,High,,,,Pro-Gro Semi-intensive Soil,Yes,Micro-sprayer,Drains at 4 corners of roof,"Native mix including licorice fern, yarrow, tufted hairgrass, native sedums and mosses",As needed,Ecoroofs Everywhere,
Gray's Landing,650 SW Lowell St,650 SW Lowell St,650 SW LOWELL ST,Willamette,commercial,Yes,New,2012,30000,1,45.49356461,-122.6714706,High,45.49356,-122.671,High,4,4,,"3.5"" lightweight medium topped with 0.5"" cinder mulch",Yes ,low-flow rotary nozzles,Drainage composite board,"Sedums, succulents, and grasses",REACH CDC owns the roof; will contract green roof company for maintenance,Owner-built,
residence,2634 SE Kelly St,SE 26th Ave and SE Kelly St,2634 SE KELLY ST,Willamette,residential,,Reroof,2013,500,1,45.49959564,-122.6387634,High,45.49982,-122.640,High,,,,Phillips Extensive C media,Yes,,,Sedum mix (from cuttings),,,
BPA Building,911 NE 11th Ave,911 NE 11th Ave,911 NE 11TH AVE,Willamette,governmental,,Reroof,2011,13200,1,45.5292327,-122.6544806,High,45.52923,-122.654,High,5,5,,Phillips Soil Extensive Growing Mix C,Yes ,Mmicro-rotor spray heads,wound plastic filaments,Sedum mix (from cuttings),,,
Hamilton West,1212 SW Clay St,1212 SW Clay St,1212 SW CLAY ST,Willamette,commercial,,New,1999,5850,1,45.51516724,-122.6875763,High,45.51517,-122.688,High,3,3,,Organic and Coarse Aggregate,,,Yes,,,,
residence,235 NE Ivy St,NE Ivy St and NE Martin Luther King Jr Blvd,235 NE IVY ST,Willamette,residential,,Reroof,2012,1365,1,45.54771042,-122.6627045,High,45.54789,-122.662,High,,,,Swanson Bark Rooflite Extensive MC,,,"6"" wide channels filled with lava rock",,,,
residence,6318 SW 32nd Ave,SW 32nd Ave and SW Carolina St,6318 SW 32ND AVE,Fanno/Tryon,residential,,Reroof,2011,220,1,45.47798538,-122.7091904,High,45.47827,-122.709,High,2.5,2.5,,Phillips Soil Extensive Growing Mix C,No,,wound plastic filaments,Sedum mix ,,,
International Harvester Building,79 SE Taylor St,79 SE Taylor St,79 SE TAYLOR ST,Willamette,commercial,Yes,Reroof,2010,5750,1,45.51532745,-122.6651306,High,45.51533,-122.665,High,2.5,2.5,,Phillips Soil Products,Yes,in-line irrigation system,"1/2"" drainage layer","sedums plus Calamagrostis acutiflora, Lavandula stoechas, Delosperma nubingeum, Polystichum neolobatum, Festuca glauca",weeding 2x per year,Greenworks PC,
residence,3033 NE Schuyler St,NE 30th Ave and NE Schuyler St,3033 NE SCHUYLER ST,Willamette,residential,,New,2010,440,1,45.53598785,-122.6342392,High,45.53577,-122.635,High,,,,,No,,,Sedum mix,,,
residence,2313 N Sumner St,N Summer St and N Gay Ave,2313 N SUMNER ST,Willamette,residential,,Reroof,2012,200,1,45.5607605,-122.6912231,High,45.56053,-122.690,High,3.5,3.5,,"soil mix of pumice, perlite, and 4-way soil blend from Mt. Scott Fuel (mixed by hand on site)",Yes,drip - to be removed after plants establish during 1st year,drainage layer,"sedum mix plus other plants (thyme, delosperma, etc.)",periodic weeding,,
K4 Court,5506 NE 31st Ave,5506 NE 31st Ave,5506 NE 31ST AVE,Columbia Slough,commercial,,New,2009,900,10,45.56287698,-122.6337685,High,45.56271,-122.634,High,4,6,,"12 yards total: composite blend consisting of Canadian peet moss (10%), pumice (47%), pumice kale (33%), compost (10%), ammonium phosphate, ferris sulfate, gypsum, apex, and dolomite lime - 69 lbs / cubic foot.",Yes,permanent drip system under planted surface; operational only during summer months,polypropylene / polystyrene drain mat,"438 plants total: Achillea Moonshine, Achillea Walter Funk, Achillea Rose, Allium Glancum, Sedum Angelina, Sedum Lidenkense, and Campanula Birdne Higorst","The property's HOA will manage maintenance, which is limited to weeding and new plantings 2X per year + managing basic irrigation (turned on/off during peak seasons and checked annually).",,
residence,1226 SE 52nd Ave,SE 52nd Ave and SE Salmon St,1226 SE 52ND AVE,Willamette,residential,,Reroof,2010,290,1,45.51379395,-122.6091156,High,45.51424,-122.609,High,4,6,,,,,,"sedums, herbs, kinnikinnik, rushes, sedges",,Enviroscapes NW,
Killingsworth Station,1455 N Killingsworth St,1455 N Killingsworth St,1455 N KILLINGSWORTH ST,Columbia Slough,commercial,Yes,New,2011,20700,4,45.56270465,-122.681878,High,45.56270,-122.682,High,4,4,,"ProGro Extensive (70% pumice, 30% Organic Materials)",Yes,Temporary,,,monitoring & summer irrigation if needed,SolTerra Systems,
residence,1705 SE Ash St,SE 17th Ave and SE Ash St,,Willamette,residential,,New,2010,488,3,,,,,,,3,6,,commercial mix,Yes,Summer,MiraDrain drainage layer,"Upper Roof: sedum mix; Lower Roof: ferns, grasses, native plants, sedums, strawberries; Entry Roof: native wildflowers, grasses, strawberries",,Ecoroofs Everywhere,
residence,SE 9th and Harney St,SE 9th and Harney St,924 SE HARNEY ST,Willamette,residential,,Reroof,2012,550,1,45.46197128,-122.6563721,High,45.46218,-122.657,High,4,4,,Phillips Extensive Growing Media C,Yes,Overhead,,mixture of sedums and perennial flowering plants,,,
residence,128 NE 74th Ave,NE 74th Ave and NE Everett St,128 NE 74TH AVE,Willamette,residential,,New,2012,192,1,45.52383423,-122.586525,High,45.52464,-122.587,High,5,5,,Phillips extensive ecoroof mix,Yes,Soaker Hose,,"2 sedums, 2 grasses",,,
Ladd Tower,1300 SW Park Ave,1300 SW Park Ave,1300 SW PARK AVE,Willamette,residential,,New,2009,6803,4,45.51546559,-122.6826961,High,45.51547,-122.683,High,4,,,American Hydrotech LiteTop - Extensive and LiteTop - Semi Intensive mix,Yes,Drip line,3-D drainage mat & drainage composite,Sedum mix,"Maintenance will be performed by Teufel Landscaping in accordance with American Hydrotech's maintenance procedures.  Maintenance is fairly minimal and includes regular inspections of the irrigation system, drainage, plants, growing media, weeding, plant replacement, soil testing, fertilization, and a warranty walk through.",Ecoroofs Everywhere,
Metro Regional Services Headquarters,600 NE Grand Ave,600 NE Grand Ave,600 NE GRAND AVE,Willamette,governmental,,Reroof,2005,2500,1,45.5275885,-122.6606108,High,45.52759,-122.661,High,3,3,,"10% Recycled Paper, 20% Compost, 70% Pumice",Yes,,composite drainage fabric layer (CCW MiraDRAIN 9800),Sedum mix,,,
Multnomah County Building,501 SE Hawthorne Blvd,501 SE Hawthorne Blvd,501 SE HAWTHORNE BLVD,Willamette,governmental,,Reroof,2003,12000,1,45.51187515,-122.6602554,High,45.51188,-122.660,High,6,6,,"""Propretary aggrigate from a local company""",Yes,,,,,,
OHSU Hatfield Research Center,"3251 SW Sam Jackson Park
 Rd","3251 SW Sam Jackson Park
 Rd","3251 SW SAM JACKSON PARK
 RD",Willamette,institutional,,Reroof,2011,1000,1,45.49924493,-122.6866637,High,45.49924,-122.687,High,4,4,,Phillips Soil Intensive Growing Mix B-4,Yes,,,,,SolTerra Systems,
OHSU,"3181 SW Sam Jackson Park
 Rd","3181 SW Sam Jackson Park
 Rd","3181 SW SAM JACKSON PARK
 RD",Willamette,institutional,,New,2006,4700,3,45.498459,-122.689056,High,45.49846,-122.689,High,2.5,2.5,,Phillips Soil Extensive Growing Mix C,Yes,,,,,,
residence,2105 N Webster St,N Webster St and N Gay Ave,2105 N WEBSTER ST,Columbia Slough,residential,,New,2009,760,1,45.56002426,-122.6888123,High,45.55981,-122.690,High,4,4,,Lightweight growing medium,Yes,Hand,,,,American Hydrotech,
Oregon College of Oriental Medicine,88 NW Couch St,88 NW Couch St,88 NW COUCH ST,Willamette,commercial,,Reroof,2012,2440,1,45.52382,-122.671127,High,45.52382,-122.671,High,,,,"Phillips Soil Products, Inc. Extensive Green Roof Growing Media C",No,,,Sedum mix,,,
residence,5078 SW Vermont St,SW 50th Ave and SW Vermont St,5078 SW VERMONT ST,Fanno/Tryon,residential,,New,2010,1290,1,45.47561264,-122.7295761,High,45.47648,-122.728,High,2.75,2.75,,Pumice/manure/paper/fiber lightweight organic mix,Yes,,,Sedum mix,,,
residence,3121 N Arlington Pl,N Arlington Pl and N Peninsular Ave,3121 N ARLINGTON PL,Columbia Slough,residential,,New,2009,140,1,45.58351898,-122.6984634,High,45.58330,-122.697,High,3,3,,"70% Top Soil, 20% Perlite, 10% Mulch",Yes,Hand,,,,,
Phoebe Rich Dermatology,2565 NW Lovejoy St,2565 NW Lovejoy St,2565 NW LOVEJOY ST,Willamette,commercial,,Reroof,2013,2069,1,45.52991867,-122.7038422,High,45.52992,-122.704,High,,,,"Phillips Soil Products, Inc. Intensive Green Media C",Yes,,,,,,
Por Que No,3524 N Mississippi St,3524 N Mississippi St,3524 N MISSISSIPPI ST,Willamette,commercial,Yes,New,2010,75,1,45.54814562,-122.6754823,High,45.54815,-122.675,High,,,,,No,,,,,Dan Manning,
POP PDX Airport Headquarters Building,7200 NE Airport Way,7200 NE Airport Way,7200 NE AIRPORT WAY,Columbia Slough,governmental,,New,2009,7000,1,45.58568247,-122.5910208,High,45.58568,-122.591,High,4,4,,LiveRoof Tray System,Yes,,,,,,
COP CBWTP building,5001 N Columbia Blvd,5001 N Columbia Blvd,5001 N COLUMBIA BLVD,Columbia Slough,governmental,,New,2006,200,1,45.5940979,-122.717886,High,45.59410,-122.718,High,4,4,,70% Pumice and 30% Organics,No,,,,,,
PSU Cramer Hall,1825 SW Broadway,1825 SW Broadway,1825 SW BROADWAY,Willamette,institutional,,Reroof,2012,2000,1,45.51182556,-122.684288,High,45.51183,-122.684,High,3,7,,"Phillips Soil, 7 Variations",,,,"Sedums, Wild Strawberries, Grasses",,,
PSU bike shelter,1136 SW Montgomery St,1136 SW Montgomery St,1136 SW MONTGOMERY ST,Willamette,institutional,,New,2010,1120,1,45.51304355,-122.6876099,High,45.51304,-122.688,High,,,,,No,,,,,,
PSU University Pointe,550 SW College St,550 SW College St,550 SW COLLEGE ST,Willamette,institutional,,New,2012,26000,1,45.50957479,-122.6831795,High,45.50957,-122.683,High,4,4,,American Hydrotech,Yes,,,Sedum Trays,,Dan Manning,
Rivermark Community Credit Union,2537 SE Hawthorne Blvd,2537 SE Hawthorne Blvd,2537 SE HAWTHORNE BLVD,Willamette,commercial,,New,2010,1270,3,45.51236343,-122.6397095,High,45.51236,-122.640,High,4,4,Tiles,GeoEdge Tray System Soil Mix,No,,,,,,
residence,4234 NE Rodney Ave,NE Rodney Ave and NE Skidmore St,4234 NE RODNEY AVE,Willamette,residential,,New,2009,90,1,45.55413097,-122.6645999,High,45.55459,-122.665,High,4,4,,Sunmark Environmental Services LLC Earthlite,No,,,,,,
Cooley building,7853 SE 13th Ave,7853 SE 13th Ave,7853 SE 13TH AVE,Johnson Creek,commercial,,New,2010,4480,1,45.46773434,-122.6530644,High,45.46773,-122.653,High,3.5,3.5,,Pro-Gro Light,Yes,,,,,,
residence,208 SW Marconi Ave,SW Marconi Ave and SW Park Pl,208 SW MARCONI AVE,Willamette,residential,,New,2013,180,1,45.52255249,-122.7050095,High,45.52179,-122.705,High,,,,,Yes,Hand,,Ornamental blue grass and a mix of sedum,,,
PSU Shattuck Ecological Learning Plaza,1914 SW Park Ave,1914 SW Park Ave,1914 SW PARK AVE,Willamette,institutional,,New,2012,120,1,45.51067047,-122.6853474,High,45.51067,-122.685,High,8,11,,20 - 30% Organics Semi-Intensive Engineered soil,Yes,Hand,,,,,
UP Shiley Hall,5000 N Willamette Blvd,5000 N Willamette Blvd,5000 N WILLAMETTE BLVD,Willamette,institutional,Yes,New,2009,2750,1,45.5725975,-122.7270355,High,45.57260,-122.727,High,2.5,3.5,,extensive low-organic/high-mineral composition soil mix,Yes ,drip,,,,,
residence,4400 NE Skidmore St,NE Skidmore St and NE 42nd Ave,4400 NE SKIDMORE ST,Columbia Slough,residential,,New,2013,1500,1,45.55369779,-122.6181507,High,45.55371,-122.620,High,4,6,,Pro-Gro Extensive,Yes,Temporary,,,,,
St Andrews Church,806 NE Alberta St,806 NE Alberta St,806 NE ALBERTA ST,Columbia Slough,institutional,,New,2010,1400,1,45.55905752,-122.6572882,High,45.55906,-122.657,High,4,4,"4"" (tiles)",LiveRoof Engineered Soil,,,,Green Feathers Mixes,,,
residence,3333 NE Fremont St,NE Fremont St and NE 33rd Pl,3333 NE FREMONT ST,Willamette,residential,,Reroof,2011,350,1,45.54846954,-122.6299591,High,45.54826,-122.630,High,,,,,,,,,,,
residence,2182 SW Yamhill St,SW Yamhill St and SW St Clair Ave,2182 SW YAMHILL ST,Willamette,residental,,New,2010,316,11,45.522362,-122.69639,Manual,45.52256,-122.697,Manual,6,6,,Pro-Gro Semi Intensive Mix,Yes ,Hand,,,,Dan Manning,
Cafe au Play,5633 SE Division St,5633 SE Division St,5633 SE DIVISION ST,Willamette,commercial,,New,2011,70,1,45.50556564,-122.6054535,High,45.50557,-122.605,High,4,4,,Organic and Non-Organic,No,,,,,,
residence,4704 SW 25th Ave,SW 25th Ave and SW 19th Dr,4704 SW 25TH AVE,Fanno/Tryon,residential,,New,2012,675,1,45.48897552,-122.7023315,High,45.48826,-122.703,High,,,,,Yes ,drip,,,,,
The Emery,3155 SW Moody Ave,3155 SW Moody Ave,3155 SW MOODY AVE,Willamette,commercial,,New,2013,9316,1,45.49969889,-122.671591,High,45.49970,-122.672,High,4,4,,,,,,,,,
The Janey,1155 NW Everett St,316 NW 12th Ave,,Willamette,residential,,New,2012,4900,1,45.52530795,-122.6831648,High,45.52531,-122.683,High,3,3,"3"" minimum medium, planted with tiles","Phillips Soil Products, 'Extensive Blend C'",Yes,,drain mat,Sedum mix,"Maintenance is expected to occur twice per month and include pruning, sprinkler maintenance, and plant replacement on as as-needed basis.",,
Linden,1250 E Burnside St,1250 E Burnside St,1250 E BURNSIDE ST,Willamette,commercial,,New,2013,17400,1,45.52286513,-122.6530295,High,45.52287,-122.653,High,6,,,Unknown,,,,"Sedum, Ferns, Birch Trees",,Dan Manning,
Ramona Apartments,1550 NW 14th Ave,1550 NW 14th Ave,1550 NW 14TH AVE,Willamette,commercial,Yes,New,2011,31600,1,45.53397082,-122.6855211,High,45.53397,-122.686,High,3.5,3.5,,Two different extensive soil mixes,,,,,,,
Sacramento Lofts,506-528 NE Sacramento St,506-528 NE Sacramento St,506-528 NE SACRAMENTO ST,Willamette,commercial,,New,2009,1800,8,45.54092026,-122.5970078,Medium,45.53956,-122.661,Manual,0,0,Tiles (LiveRoof),LiveRoof engineered growing medium,,,,,,Dan Manning,
residence,3973 NE 7th Ave,NE 7th Ave and NE Shaver St,3973 NE 7TH AVE,Willamette,residential,,Reroof,2010,170,1,45.55194092,-122.658905,High,45.55207,-122.659,High,3,3,,Phillips Soil Products Growing Medium 'C', ,Unknown (Hand?),,,,,
Trillium Charter School,5420 N. Interstate Ave,5420 N. Interstate Ave,5420 N INTERSTATE AVE,Willamette,institutional,,Reroof,2010,1116,1,45.562335,-122.682014,Manual,45.562335,-122.682014,Manual,8,8,,Philips Soil Product Edible Greenroof Soil,Yes,,,,,,
Thom Ross Building,2714 SE Ankeny St,2714 SE Ankeny St,2714 SE ANKENY ST,Willamette,commercial,,Reroof,2010,7000,1,45.52194214,-122.6379547,High,45.52194,-122.638,High,,,,,Yes,,,,,Dan Manning,
residence,2824 SE Yamhill St,SE 29th Ave and SE Yamhill St,2824 SE YAMHILL ST,Willamette,residential,,Reroof,2011,310,1,45.51550674,-122.6365051,High,45.51572,-122.636,High,3,3,,Philips Soil Products FLL-Certified Growing Media,,Unknown (Hand?),,,,,
residence,301 NE 65th Ave,NE 65th Ave and NE Davis St,301 NE 65TH AVE,Willamette,residential,,New,2009,385,1,45.52481461,-122.5975342,High,45.52415,-122.597,High,3,5,,Earthlite Extensive Value Blend,Yes,Hand,,,,,
Bethany Athletic Club,15670 NW Central Dr,15670 NW Central Dr,15670 NW CENTRAL DR,,commercial,,New,2006,500,1,45.55428696,-122.8380203,High,45.55429,-122.838,High,,,,,,,,,,,
Cathedral Park Place,6635 N Baltimore Ave,6635 N Baltimore Ave,6635 N BALTIMORE AVE,Willamette,commercial,,Reroof,2005,600,1,45.58871269,-122.761026,High,45.58871,-122.761,High,,,,,,,,,,,
Cathedral Park Place,6635 N Baltimore Ave,6635 N Baltimore Ave,6635 N BALTIMORE AVE,Willamette,commercial,,Reroof,2005,6500,1,45.58871269,-122.761026,High,45.58871,-122.761,High,,,,,,,,,,,
Dolph Creek Townhomes,3102-3154 SW Dolph Ct,3102-3154 SW Dolph Ct,3102-3154 SW DOLPH CT,Fanno/Tryon,commercial,,New,2006,1470,6,45.46186066,-122.7329407,Medium,45.46186,-122.733,Medium,,,,,,,,,,,
Gunderson #1,4350 NW Front Ave,4350 NW Front Ave,4350 NW FRONT AVE,Willamette,commercial,,New,2011,1000,1,45.5521971,-122.7156799,High,45.55220,-122.716,High,,,,,,,,,,,
Gunderson #2,4350 NW Front Ave,4350 NW Front Ave,4350 NW FRONT AVE,Willamette,commercial,,New,2012,2400,1,,,,,,,,,,,,,,,,,
Village at The Headwaters,3131 SW Marigold St,3131 SW Marigold St,3131 SW MARIGOLD ST,Fanno/Tryon,commercial,Yes,New,2007,14400,1,45.46105194,-122.7090683,High,45.46105,-122.709,High,,,,,,,,,,,
COP Headwaters,8846 SW 30th Ave,8846 SW 30th Ave,8846 SW 30TH AVE,Fanno/Tryon,commercial,,New,2006,80,1,45.46097584,-122.7076406,High,45.46098,-122.708,High,,,,,,,,,,,
Dealer's Supply,2345 NW Nicolai,2345 NW Nicolai,2345 NW NICOLAI,Willamette,commercial,,New,2013,4500,1,45.54160309,-122.7005615,High,45.54160,-122.701,High,,,,,,,,,,,
The Jefferson,1234 SW 18th Ave,1234 SW 18th Ave,1234 SW 18TH AVE,Willamette,commercial,,New,2009,3600,1,45.5183664,-122.6923721,High,45.51837,-122.692,High,,,,,,,,,,,
The Morrison,1926 W Burnside St,1926 W Burnside St,1926 W BURNSIDE ST,Willamette,commercial,,New,2007,12000,1,45.52298516,-122.6904,High,45.52299,-122.690,High,,,,,,,,,,,
Lost and Found Lounge,5426 N Gay Ave,5426 N Gay Ave,5426 N GAY AVE,Columbia Slough,commercial,,Reroof,2007,630,1,45.56250381,-122.689743,High,45.56250,-122.690,High,,,,,,,,,,,
Atwater Place,0841 SW Gaines St,0841 SW Gaines St,0841 SW GAINES ST,Willamette,commercial,,New,2008,24500,4,45.4960826,-122.6872283,High,45.49608,-122.687,High,,,,,,,,,,,
The Empress,20 NW 16th Ave,20 NW 16th Ave,20 NW 16TH AVE,Willamette,commercial,,Reroof,2012,250,1,45.52308574,-122.6871237,High,45.52309,-122.687,High,,,,,,,,,,,
Vestas,1417 NW Everett St,1417 NW Everett St,1417 NW EVERETT ST,Willamette,commercial,Yes,Reroof,2012,15600,1,45.52539444,-122.6857605,High,45.52539,-122.686,High,,,,,,,,,,,
Mosaic,1400 SW 11th Ave,1400 SW 11th Ave,1400 SW 11TH AVE,Willamette,commercial,,New,2003,3300,1,45.51549576,-122.6856666,High,45.51550,-122.686,High,,,,,,,,,,,
Jackson Machine Works,1115 NW 14th Ave,1115 NW 14th Ave,1115 NW 14TH AVE,Willamette,commercial,,New,2008,10270,2,45.53094059,-122.6855352,High,45.53094,-122.686,High,,,,,,,,,,,
The Lovejoy,1333 NW Lovejoy St,1333 NW Lovejoy St,1333 NW LOVEJOY ST,Willamette,commercial,,New,2008,23390,1,45.53008698,-122.6848163,High,45.53009,-122.685,High,,,,,,,,,,,
Indigo at Twelve West,430 SW 13th Ave,430 SW 13th Ave,430 SW 13TH AVE,Willamette,commercial,,New,2010,5000,1,45.52262172,-122.6841163,High,45.52262,-122.684,High,,,,,,,,,,,
The Wyatt,1125 NW 12th Ave,1125 NW 12th Ave,1125 NW 12TH AVE,Willamette,commercial,,New,2008,3400,1,45.53113556,-122.6837769,High,45.53114,-122.684,High,,,,,,,,,,,
Asa Flats and Lofts,1200 NW Marshall St,1200 NW Marshall St,1200 NW MARSHALL ST,Willamette,commercial,,New,2008,10500,2,45.53073138,-122.6836241,High,45.53073,-122.684,High,,,,,,,,,,,
The Louisa,1201 NW Couch St,1201 NW Couch St,1201 NW COUCH ST,Willamette,commercial,,New,2005,6000,4,45.52369863,-122.6833787,High,45.52370,-122.683,High,,,,,,,,,,,
The Casey,311 NW 12th Ave,311 NW 12th Ave,311 NW 12TH AVE,Willamette,commercial,,New,2007,4100,1,45.525581,-122.682915,High,45.52558,-122.683,High,,,,,,,,,,,
M Financial Building,1122 NW Davis St,1122 NW Davis St,1122 NW DAVIS ST,Willamette,commercial,,New,2002,14000,1,45.52433833,-122.682505,High,45.52434,-122.683,High,,,,,,,,,,,
New Seasons Market,6400 N Interstate Ave,6400 N Interstate Ave,6400 N INTERSTATE AVE,Columbia Slough,commercial,,New,2005,1000,1,45.56919861,-122.6816711,High,45.56920,-122.682,High,,,,,,,,,,,
The Encore,949 NW Overton St,949 NW Overton St,949 NW OVERTON ST,Willamette,commercial,,New,2008,2800,1,45.53305817,-122.681221,High,45.53306,-122.681,High,,,,,,,,,,,
Hotel Modera,515 SW Clay St,515 SW Clay St,515 SW CLAY ST,Willamette,commercial,,New,2008,1300,1,45.51363029,-122.6808809,High,45.51363,-122.681,High,,,,,,,,,,,
937 Condominiums,937 NW Glisan St,937 NW Glisan St,937 NW GLISAN ST,Willamette,commercial,,New,2008,3000,1,45.52660681,-122.6806616,High,45.52661,-122.681,High,,,,,,,,,,,
Pinnacle,1255 NW 9th Ave,1255 NW 9th Ave,1255 NW 9TH AVE,Willamette,commercial,,New,2004,1700,1,45.53181298,-122.6804993,High,45.53181,-122.680,High,,,,,,,,,,,
Jean Vollum Natural Capital Center,721 NW 9th Ave,721 NW 9th Ave,721 NW 9TH AVE,Willamette,commercial,Yes,Reroof,2001,6500,1,45.52821547,-122.6803672,High,45.52822,-122.680,High,,,,,,,,,,,
Cyan/PDX,333 SW Harrison St,333 SW Harrison St,333 SW HARRISON ST,Willamette,commercial,,New,2009,8400,1,45.51084518,-122.6803436,High,45.51085,-122.680,High,,,,,,,,,,,
Walmart,1123 N Hayden Meadows Dr,1123 N Hayden Meadows Dr,1123 N HAYDEN MEADOWS DR,Columbia Slough,commercial,,New,2013,37034,1,45.59549332,-122.6794128,High,45.59549,-122.679,High,,,,,,,,,,,
Station Place Tower,1020 NW 9th Ave,1020 NW 9th Ave,1020 NW 9TH AVE,Willamette,commercial,,New,2004,900,1,45.53049088,-122.6788101,High,45.53049,-122.679,High,,,,,,,,,,,
Pistils Nursery,3811 N Mississippi St,3811 N Mississippi St,3811 N MISSISSIPPI ST,Willamette,commercial,,New,2002,730,2,45.55041122,-122.6758575,High,45.55041,-122.676,High,,,,,,,,,,,
Victoria Bar,4835 N Albina Ave,4835 N Albina Ave,4835 N ALBINA AVE,Columbia Slough,commercial,,Reroof,2008,150,1,45.55809021,-122.6752472,High,45.55809,-122.675,High,,,,,,,,,,,
Blanchet House,310 NW Glisan St,310 NW Glisan St,310 NW GLISAN ST,Willamette,commercial,,,2012,2500,1,45.52663967,-122.673767,High,45.52664,-122.674,High,,,,,,,,,,,
NW Health Foundation,221 NW 2nd Ave,221 NW 2nd Ave,221 NW 2ND AVE,Willamette,commercial,Yes,Reroof,2012,9400,1,45.52505112,-122.6729431,High,45.52505,-122.673,High,1.5,2.25,,Phillip's Soil Products Extensive Growing Media D,Yes,,,Full sun and Shade Sedum Mixes,,,
Riva on the Park,0650 SW Gaines St,0650 SW Gaines St,0650 SW GAINES ST,Willamette,commercial,,New,2009,35000,5,45.49636491,-122.6713604,High,45.49636,-122.671,High,,,,,,,,,,,
Mercy Corps,45 SW Ankeny St,45 SW Ankeny St,45 SW ANKENY ST,Willamette,commercial,,New,2009,3900,1,45.52256405,-122.6707763,High,45.52256,-122.671,High,,,,,,,,,,,
The Ardea,3720 SW Bond Ave,3720 SW Bond Ave,3720 SW BOND AVE,Willamette,commercial,,New,2008,4000,1,45.49601364,-122.6703033,High,45.49601,-122.670,High,,,,,,,,,,,
The Meriwether Condos,3570 SW River Pkwy,3570 SW River Pkwy,3570 SW RIVER PKWY,Willamette,commercial,,New,2006,41400,6,45.49737409,-122.6696324,High,45.49737,-122.670,High,,,,,,,,,,,
The John Ross of Portland,3510 SW Bond Ave,3510 SW Bond Ave,3510 SW BOND AVE,Willamette,commercial,,New,2007,11400,3,45.49503326,-122.6694641,High,45.49503,-122.669,High,,,,,,,,,,,
Ethos Music Center,2 N Killingsworth St,2 N Killingsworth St,2 N KILLINGSWORTH ST,Columbia Slough,commercial,,Reroof,2009,75,1,45.5625267,-122.667244,High,45.56253,-122.667,High,,,,,,,,,,,
Central Wine Warehouse,309 SE Pine St,309 SE Pine St,309 SE PINE ST,Willamette,commercial,,Reroof,2008,20000,1,45.52084476,-122.6625077,High,45.52084,-122.663,High,,,,,,,,,,,
Berry Botanic Garden,11505 SW Summerville Ave,11505 SW Summerville Ave,11505 SW SUMMERVILLE AVE,Willamette,commercial,,New,2007,200,2,45.44246292,-122.6620102,High,45.44246,-122.662,High,,,,,,,,,,,
Friends of Trees,"3117 NE Martin Luther King
 Jr, Blvd","3117 NE Martin Luther King
 Jr, Blvd","3117 NE MARTIN LUTHER KING
 JR BLVD",Willamette,commercial,,Reroof,2004,600,2,45.54584122,-122.6619949,High,45.54584,-122.662,High,,,,,,,,,,,
Shaver Green,375 NE Shaver St,375 NE Shaver St,375 NE SHAVER ST,Willamette,commercial,,New,2009,1200,1,45.55210523,-122.6619297,High,45.55211,-122.662,High,,,,,,,,,,,
Sparky's Pizza,7530 NE MLK Jr Blvd,7530 NE MLK Jr Blvd,7530 NE MLK JR BLVD,Columbia Slough,commercial,,New,2011,160,1,45.57781219,-122.6609955,High,45.57781,-122.661,High,,,,,,,,,,,
COP Durham Stormwater Bike Corral,6669 NE Durham Ave,6669 NE Durham Ave,6669 NE DURHAM AVE,Columbia Slough,commercial,,New,2011,80,1,45.57118312,-122.656116,High,45.57118,-122.656,High,,,,,,,,,,,
Dekum Corner,6669 NE Durham Ave,6669 NE Durham Ave,6669 NE DURHAM AVE,Columbia Slough,commercial,,Reroof,2009,550,2,45.57118312,-122.656116,High,45.57118,-122.656,High,,,,,,,,,,,
Buckman Terrace,303 NE 16th Ave,303 NE 16th Ave,303 NE 16TH AVE,Willamette,commercial,,New,2000,1900,2,45.52528314,-122.6496405,High,45.52528,-122.650,High,,,,,,,,,,,
Grace Institute,1511 NE 17th Ave,1511 NE 17th Ave,1511 NE 17TH AVE,Willamette,commercial,,New,2008,140,1,45.53376563,-122.6485086,High,45.53377,-122.649,High,,,,,,,,,,,
CYRK Building,2002 SE Clinton St,2002 SE Clinton St,2002 SE CLINTON ST,Willamette,commercial,,New,2011,740,1,45.50319672,-122.6453171,High,45.50320,-122.645,High,,,,,,,,,,,
20 on Hawthorne,1550 SE 20th Ave,1550 SE 20th Ave,1550 SE 20TH AVE,Willamette,commercial,,New,2009,2800,1,45.51158242,-122.6450667,High,45.51158,-122.645,High,,,,,,,,,,,
Clinton Street Lofts,2021 SE Clinton St,2021 SE Clinton St,2021 SE CLINTON ST,Willamette,commercial,,New,2004,1500,1,45.50357819,-122.6450653,High,45.50358,-122.645,High,,,,,,,,,,,
People's Food Co-op,3029 SE 21st Ave,3029 SE 21st Ave,3029 SE 21ST AVE,Willamette,commercial,,Reroof,2003,210,2,45.50082016,-122.644928,High,45.50082,-122.645,High,,,,,,,,,,,
Nuestra Cocina,2135 SE Division St,2135 SE Division St,2135 SE DIVISION ST,Willamette,commercial,,New,2011,140,1,45.50504303,-122.6437912,High,45.50504,-122.644,High,,,,,,,,,,,
Gragg building,2715 SE Ash St,2715 SE Ash St,2715 SE ASH ST,Willamette,commercial,,New,2013,1540,1,45.52161789,-122.6379547,High,45.52162,-122.638,High,,,,,,,,,,,
Yakuza,5417 NE 30th Ave,5417 NE 30th Ave,5417 NE 30TH AVE,Columbia Slough,commercial,,New,2006,750,1,45.56217492,-122.6349514,High,45.56217,-122.635,High,,,,,,,,,,,
HI Portland Hawthorne Hostel,3031 SE Hawthorne Blvd,3031 SE Hawthorne Blvd,3031 SE HAWTHORNE BLVD,Willamette,commercial,,Reroof,2002,600,4,45.51230621,-122.6340714,High,45.51231,-122.634,High,,,,,,,,,,,
Common Ground Wellness Center,5010 NE 33rd Ave,5010 NE 33rd Ave,5010 NE 33RD AVE,Columbia Slough,commercial,,Reroof,2011,280,1,45.55937958,-122.6303482,High,45.55938,-122.630,High,,,,,,,,,,,
34 Hawthorne,3430 SE Hawthorne Blvd,3430 SE Hawthorne Blvd,3430 SE HAWTHORNE BLVD,Willamette,commercial,,New,2003,1440,1,45.51200487,-122.6292028,High,45.51200,-122.629,High,,,,,,,,,,,
Move the House,3810 SE Division St,3810 SE Division St,3810 SE DIVISION ST,Willamette,commercial,,New,2011,150,1,45.5047448,-122.6240905,High,45.50474,-122.624,High,,,,,,,,,,,
Fred Meyer,3805 SE Hawthorne Blvd,3805 SE Hawthorne Blvd,3805 SE HAWTHORNE BLVD,Willamette,commercial,,New,2009,640,1,45.51282883,-122.6236954,High,45.51283,-122.624,High,,,,,,,,,,,
Portland Nursery,5050 SE Stark St,5050 SE Stark St,5050 SE STARK ST,Willamette,commercial,,Reroof,2008,120,1,45.51856613,-122.6108398,High,45.51857,-122.611,High,,,,,,,,,,,
Hacienda CDC,6736 NE Killingsworth St,6736 NE Killingsworth St,6736 NE KILLINGSWORTH ST,Columbia Slough,commercial,,New,2013,1500,1,45.56244278,-122.5932617,High,45.56244,-122.593,High,,,,,,,,,,,
Portland Nursery,9000 SE Division St,9000 SE Division St,9000 SE DIVISION ST,Willamette,commercial,,Reroof,2007,160,1,45.50395966,-122.5704422,High,45.50396,-122.570,High,,,,,,,,,,,
Leftbank,240 N Broadway,240 N Broadway,240 N BROADWAY,Willamette,commercial,,New,2010,830,1,45.5350665,-122.6682423,High,45.53507,-122.668,High,3,3,3,,Yes,,,,,,
MacDonald West,127 NW 6th Ave,127 NW 6th Ave,127 NW 6TH AVE,Willamette,commercial,,New,2013,3500,1,45.5241774,-122.676531,High,45.52418,-122.677,High,,,,Pro Gro Extensive,Yes,,,,,,
Awakenings Wellness Center,1016 SE 12th Ave,1016 SE 12th Ave,1016 SE 12TH AVE,Willamette,commercial,,New,,100,1,45.5154953,-122.6533432,High,45.51550,-122.653,High,,,,,,,,,,,
Mirabella,3550 SW Bond Ave,3550 SW Bond Ave,3550 SW BOND AVE,Willamette,commercial,,New,2010,6340,2,45.49737945,-122.6707508,High,45.49738,-122.671,High,,,,,,,,,,,
Williams Alley,4804 N Williams Ave,4804 N Williams Ave,4804 N WILLIAMS AVE,Willamette,commercial,,New,2013,3450,1,45.55775464,-122.6666558,High,45.55775,-122.667,High,,,,,,,,,,,
Metro Hazardous Waste Facility,6161 NW 61st Ave,6161 NW 61st Ave,6161 NW 61ST AVE,Willamette,governmental,,Reroof,2012,2510,1,45.56791687,-122.7475815,High,45.56792,-122.748,High,2.5,2.5,,Phillip's Soil Extensive Growing Media C,Yes,,,,,,
COP Marine pump station,6308 N Marine Dr,6308 N Marine Dr,6308 N MARINE DR,Columbia Slough,governmental,,New,2010,285,1,45.62717438,-122.7414627,High,45.62717,-122.741,High,,,,,,,,,,,
COP Friends of Community Gardens Gabriel Park,SW 41st Ave and Canby St,SW 41st Ave and Canby St,SW 41ST AVE AND CANBY ST,Fanno/Tryon,governmental,,New,2002,57,1,45.469166,-122.720139,Manual,45.46917,-122.720,Manual,,,,,,,,,,,
COP CBWTP Digester,5001 N Columbia Blvd,5001 N Columbia Blvd,5001 N COLUMBIA BLVD,Columbia Slough,governmental,,New,2013,10000,1,45.5940979,-122.717886,High,45.59410,-122.718,High,,,,,,,,,,,
COP CBWTP Headworks,5001 N Columbia Blvd,5001 N Columbia Blvd,5001 N COLUMBIA BLVD,Columbia Slough,governmental,,New,2001,300,1,45.5940979,-122.717886,High,45.59410,-122.718,High,,,,,,,,,,,
COP CBWPT Portsmouth Ventilation Facility,5001 N Columbia Blvd,5001 N Columbia Blvd,5001 N COLUMBIA BLVD,Columbia Slough,governmental,,New,2013,1000,1,45.5940979,-122.717886,High,45.59410,-122.718,High,,,,,,,,,,,
COP CBWTP Screening Facility,5001 N Columbia Blvd,5001 N Columbia Blvd,5001 N COLUMBIA BLVD,Columbia Slough,governmental,,New,2011,5700,1,45.5940979,-122.717886,High,45.59410,-122.718,High,,,,,,,,,,,
COP CBWTP Columbia Building,5001 N Columbia Blvd,5001 N Columbia Blvd,5001 N COLUMBIA BLVD,Columbia Slough,governmental,,New,2013,10000,1,45.5940979,-122.717886,High,45.59410,-122.718,High,,,,,,,,,,,
COP CBWTP test ecoroof,5001 N Columbia Blvd,5001 N Columbia Blvd,5001 N COLUMBIA BLVD,Columbia Slough,governmental,,New,2002,240,1,45.5940979,-122.717886,High,45.59410,-122.718,High,,,,,,,,,,,
Metro Oregon Zoo,4001 SW Canyon Rd,4001 SW Canyon Rd,4001 SW CANYON RD,Willamette,governmental,,New,,120,1,45.50901794,-122.7130814,High,45.50902,-122.713,High,,,,,,,,,,,
Metro Oregon Zoo demo ecoroof,4001 SW Canyon Rd,4001 SW Canyon Rd,4001 SW CANYON RD,Willamette,governmental,,New,2012,200,1,45.50901794,-122.7130814,High,45.50902,-122.713,High,,,,,,,,,,,
COP O&M Building,4299 N Port Center Way,4299 N Port Center Way,4299 N PORT CENTER WAY,Willamette,governmental,,New,2005,7500,1,45.55333328,-122.6966782,High,45.55333,-122.697,High,,,,,,,,,,,
COP Hayden Island pump station,1840 N Jantzen Ave,1840 N Jantzen Ave,1840 N JANTZEN AVE,Columbia River,governmental,,New,2011,270,1,45.61187744,-122.6885223,High,45.61188,-122.689,High,,,,,,,,,,,
Multnomah County Central Library,801 SW 10th Ave,801 SW 10th Ave,801 SW 10TH AVE,Willamette,governmental,,Reroof,2008,7300,1,45.51922739,-122.6826297,High,45.51923,-122.683,High,,,,,,,,,,,
COP Director Park,825 SW Park Ave,825 SW Park Ave,825 SW PARK AVE,Willamette,governmental,,New,2010,300,1,45.51878738,-122.6812439,High,45.51879,-122.681,High,,,,,,,,,,,
COP Portland Building,1120 SW 5th Ave,1120 SW 5th Ave,1120 SW 5TH AVE,Willamette,governmental,,Reroof,2006,18500,1,45.51567078,-122.6786957,High,45.51567,-122.679,High,,,,,,,,,,,
Multnomah County Mead Building,421 SW 5th Ave,421 SW 5th Ave,421 SW 5TH AVE,Willamette,governmental,,Reroof,2010,5670,1,45.52059196,-122.6766591,High,45.52059,-122.677,High,1,2,,,Yes,,,,,,
COP Waterfront Park restroom,SW Hawthorne and Naito,SW Hawthorne and Naito,SW HAWTHORNE AND NAITO,Willamette,governmental,,,,80,1,45.514211,-122.674113,Manual,45.51421,-122.674,Manual,,,,,,,,,,,
"COP Friends of Community Gardens
 kiosk: Bosie-Eliot Park",318 N Fremont St,318 N Fremont St,318 N FREMONT ST,Willamette,governmental,,New,2002,58,1,45.54799652,-122.6693726,High,,-122.669,High,,,,,,,,,,,
COP Umatilla Pump Station,SE Umatilla St and 6th Ave,SE Umatilla St and 6th Ave,SE UMATILLA ST AND 6TH AVE,Willamette,governmental,,Reroof,2011,250,1,45.46290033,-122.6600301,High,45.46290,-122.660,High,,,,,,,,,,,
"COP Friends of Community Gardens
 kiosk: Sewallcrest Park",SE 31st Ave and Market St,SE 31st Ave and Market St,SE 31ST AND MARKET ST,Willamette,governmental,,New,2004,58,1,45.51078983,-122.6337303,High,,-122.634,High,,,,,,,,,,,
"COP Whitaker Ponds Natural Area, shelter",7040 NE 47th Ave,7040 NE 47th Ave,7040 NE 47TH AVE,Columbia Slough,governmental,,New,2000,500,1,45.6732747,-122.623094,High,45.67327,-122.623,High,,,,,,,,,,,
COP Cully Park,NE 75th Ave,NE 75th Ave,NE 75TH AVE,Columbia Slough,governmental,,New,2013,235,2,45.65943146,-122.5958176,High,45.65943,-122.596,High,,,,,,,,,,,
COP Harney pump station,8333 SE Harney St,8333 SE Harney St,8333 SE HARNEY ST,Johnson Creek,governmental,,New,2011,300,1,45.46332613,-122.5776447,High,45.46333,-122.578,High,,,,,,,,,,,
COP Flavel Maintenance Building,8931 SE Flavel St,8931 SE Flavel St,8931 SE FLAVEL ST,Johnson Creek,governmental,,New,2012,3000,1,45.46880341,-122.5707321,High,45.46880,-122.571,High,,,,,,,,,,GreenLiving Technologies,
COP Rolling Tire plaza,SE 108th and Foster,SE 108th and Foster,SE 108TH AND FOSTER,Johnson Creek,governmental,,New,2012,200,1,45.47585003,-122.5519303,High,45.47585,-122.552,High,,,,,,,,,,,
"COP Friends of Community Gardens
 kiosk: Zenger Farm",11741 SE Foster Rd,11741 SE Foster Rd,11741 SE FOSTER RD,Johnson Creek,governmental,,New,2002,57,1,45.47788239,-122.5426178,High,,-122.543,High,,,,,,,,,,,
PCC Rock Creek,17705 NW Springville Rd,17705 NW Springville Rd,17705 NW SPRINGVILLE RD,,institutional,,New,2005,110,1,45.56305468,-122.8596903,High,45.56305,-122.860,High,,,,,,,,,,,
Providence St Vincent Medical Center,9205 SW Barnes Rd,9205 SW Barnes Rd,9205 SW BARNES RD,,institutional,,New,2006,17200,2,45.50895855,-122.7713994,High,45.50896,-122.771,High,,,,,,,,,,,
COP Stephens Creek Nature Park kiosk,"SW Bertha Blvd and
 Chestnut Dr","SW Bertha Blvd and
 Chestnut Dr","SW BERTHA BLVD AND
 CHESTNUT DR",Willamette,institutional,,New,2003,65,1,45.47251001,-122.6946299,High,45.47251,-122.695,High,,,,,,,,,,,
Lincoln High School batting cages,1600 SW Salmon St,1600 SW Salmon St,1600 SW SALMON ST,Willamette,institutional,,New,2010,2800,1,45.51897812,-122.6896667,High,45.51898,-122.690,High,4,4,,Pro Gro Extensive,Yes,,,,,,
OHSU C Wing,"3181 SW Sam Jackson Park
 Rd","3181 SW Sam Jackson Park
 Rd","3181 SW SAM JACKSON PARK
 RD",Willamette,institutional,,Reroof,2011,1400,1,45.498459,-122.689056,High,45.49846,-122.689,High,,,,,,,,,,,
PSU kiosk,1824 SW 11th Ave,1824 SW 11th Ave,1824 SW 11TH AVE,Willamette,institutional,,,,65,1,45.512497,-122.68676,High,45.51250,-122.687,High,,,,,,,,,,,
PSU Science Building,1711 SW 10th Ave,1711 SW 10th Ave,1711 SW 10TH AVE,Willamette,institutional,Yes,Reroof,2010,720,1,45.51318906,-122.685845,High,45.51319,-122.686,High,,,,,,,,,,,
OHSU Child Development and Rehabilitation Center,749 SW Gaines Rd,749 SW Gaines Rd,749 SW GAINES RD,Willamette,institutional,,New,2010,6000,2,45.49566351,-122.6858443,High,45.49566,-122.686,High,,,,,,,,,,,
PSU Broadway Housing Building,625 SW Jackson St,625 SW Jackson St,625 SW JACKSON ST,Willamette,institutional,,New,2004,18200,1,45.50922409,-122.6843885,High,45.50922,-122.684,High,,,,,,,,,,,
PSU cob oven and shelter,1825 SW Broadway,1825 SW Broadway,1825 SW BROADWAY,Willamette,institutional,,New,2005,300,2,45.51182556,-122.684288,High,45.51183,-122.684,High,,,,,,,,,,,
PSU Urban Center plaza,510 SW Mill St,510 SW Mill St,510 SW MILL ST,Willamette,institutional,,Reroof,2009,200,1,45.51215976,-122.6814368,High,45.51216,-122.681,High,,,,,,,,,,,
Congregation Neveh Shalom,9323 SW 1st Ave,9323 SW 1st Ave,9323 SW 1ST AVE,Fanno/Tryon,institutional,,New,2008,2000,1,45.45722198,-122.6800995,High,45.45722,-122.680,High,,,,,,,,,,,
Lewis and Clark Law School Wood Hall,10015 SW Terwilliger Blvd,10015 SW Terwilliger Blvd,10015 SW TERWILLIGER BLVD,Fanno/Tryon,institutional,,New,2001,500,1,45.45178604,-122.6796112,High,45.45179,-122.680,High,,,,,,,,,,,
Lewis and Clark College,10015 SW Terwilliger Blvd,10015 SW Terwilliger Blvd,10015 SW TERWILLIGER BLVD,Fanno/Tryon,institutional,,,2013,1000,1,45.45178604,-122.6796112,High,45.45179,-122.680,High,,,,,,,,,,,
International School,025 SW Sherman St,025 SW Sherman St,025 SW SHERMAN ST,Willamette,institutional,,New,,230,1,45.50669098,-122.6765594,High,45.50669,-122.677,High,,,,,,,,,,,
OHSU Health and Healing Center,3303 SW Bond Ave,3303 SW Bond Ave,3303 SW BOND AVE,Willamette,institutional,,New,2007,15600,1,45.498215,-122.67131,High,45.49822,-122.671,High,,,,,,,,,,,
Holy Redeemer Elementary School,127 N Portland Blvd,127 N Portland Blvd,127 N PORTLAND BLVD,Columbia Slough,institutional,,New,2005,4000,1,45.571064,-122.6678467,High,45.57106,-122.668,High,,,,,,,,,,,
Williams community garden,2242 N Williams Ave,2242 N Williams Ave,2242 N WILLIAMS AVE,Willamette,institutional,,New,,250,1,45.53915024,-122.6663361,High,45.53915,-122.666,High,,,,,,,,,,,
PCC CLIMB Center,1626 SE Water Ave,1626 SE Water Ave,1626 SE WATER AVE,Willamette,institutional,,New,2012,75,1,45.51058578,-122.6650925,High,45.51059,-122.665,High,,,,,,,,,,,
New Day School,1825 SE Clinton St,1825 SE Clinton St,1825 SE CLINTON ST,Willamette,institutional,,New,2003,460,2,45.50370026,-122.647049,High,45.50370,-122.647,High,,,,,,,,,,,
Reed College Performing Arts Building,3203 SE Woodstock Blvd,3203 SE Woodstock Blvd,3203 SE WOODSTOCK BLVD,Johnson Creek,institutional,,New,2013,1450,1,45.48155975,-122.6308441,High,45.48156,-122.631,High,,,,,,,,,,,
Sunnyside Elementary School,3421 SE Salmon St,3421 SE Salmon St,3421 SE SALMON ST,Willamette,institutional,,New,2007,300,1,45.51502991,-122.6288834,High,45.51503,-122.629,High,,,,,,,,,,,
Beaumont Middle School,4043 NE Fremont St,4043 NE Fremont St,4043 NE FREMONT ST,Columbia Slough,institutional,,New,2009,200,1,45.54899597,-122.6216125,High,45.54900,-122.622,High,,,,,,,,,,,
Lewis Elementary School,4401 SE Evergreen St,4401 SE Evergreen St,4401 SE EVERGREEN ST,Johnson Creek,institutional,,New,2006,300,1,45.47331467,-122.6168391,High,45.47331,-122.617,High,,,,,,,,,,,
"Atkinson Elementary School outdoor
 classroom",5800 SE Division St,5800 SE Division St,5800 SE DIVISION ST,Willamette,institutional,,New,2005,600,1,45.50488663,-122.6045303,High,45.50489,-122.605,High,,,,,,,,,,,
Mt Scott Learning Center,6162 SE Holgate Blvd,6162 SE Holgate Blvd,6162 SE HOLGATE BLVD,Willamette,institutional,,New,2007,110,1,45.48991394,-122.5994339,High,45.48991,-122.599,High,,,,,,,,,,,
COP Powell Butte pump station,16160 SE Powell Blvd,16160 SE Powell Blvd,16160 SE POWELL BLVD,Johnson Creek,institutional,,New,2009,65,1,45.49607468,-122.5661469,High,45.49607,-122.566,High,,,,,,,,,,,
Adventist Medical Center,10123 SE Market St,10123 SE Market St,10123 SE MARKET ST,Willamette,institutional,,,2008,800,1,45.5128746,-122.5563049,High,45.51287,-122.556,High,,,,,,,,,,,
Franciscan Montessori Earth School,14750 SE Clinton St,14750 SE Clinton St,14750 SE CLINTON ST,Johnson Creek,institutional,,New,2008,300,1,45.50055695,-122.5111313,High,45.50056,-122.511,High,,,,,,,,,,,
PSU 1800 Building,1800 SW 6th Ave,1800 SW 6th Ave,1800 SW 6TH AVE,Willamette,institutional,,New,2010,3100,1,45.51158577,-122.6825707,High,45.51159,-122.683,High,,,,,,,,,,,
residence,1905 N Alberta St,N Alberta St and N Denver Ave,1905 N ALBERTA ST,Columbia Slough,residential,,New,2006,300,1,45.55935287,-122.6866226,High,45.55917,-122.687,High,,,,,,,,,,,
residence,726 N Beech St,N Beech St and N Borthwick Ave,726 N BEECH ST,Willamette,residential,,New,2013,860,2,45.5495397,-122.6734103,High,45.54954,-122.673,High,,,,,,,,,,,
residence,4045 N Commercial Ave,N Commercial Ave and N Mason St,4045 N COMMERCIAL AVE,Willamette,residential,,New,2008,180,1,45.55276108,-122.6715393,High,45.55332,-122.671,High,,,,,,,,,,,
residence,4823 N Congress Ave,N Congress Ave and SW Humboldt St,4823 N CONGRESS AVE,Columbia Slough,residential,,New,2007,50,1,45.5575709,-122.6719505,High,45.55806,-122.672,High,,,,,,,,,,,
residence,4829 N Congress Ave,N Congress Ave and SW Humboldt St,4829 N CONGRESS AVE,Willamette,residential,,New,2007,50,1,45.55759907,-122.6719505,High,45.55806,-122.672,High,,,,,,,,,,,
residence,4835 N Congress Ave,N Congress Ave and SW Humboldt St,4835 N CONGRESS AVE,Willamette,residential,,New,2007,50,1,45.55762656,-122.6719505,High,45.55806,-122.672,High,,,,,,,,,,,
residence,6140 N Delaware Ave,N Delaware Ave and N Holman St,6140 N DELAWARE AVE,Columbia Slough,residential,,New,2011,120,1,45.56752396,-122.6921768,High,45.56817,-122.692,High,,,,,,,,,,,
residence,3820 N Haight Ave,N Haight Ave and N Failing St,3820 N HAIGHT AVE,Willamette,residential,,New,2010,180,1,45.55043793,-122.6698151,High,45.55079,-122.670,High,,,,,,,,,,,
residence,564 N Humboldt St,N Humboldt St and N Congress Ave,564 N HUMBOLDT ST,Willamette,residential,,New,2007,50,1,45.55819519,-122.6687419,High,45.55806,-122.672,High,,,,,,,,,,,
residence,619 N Humboldt St,N Humboldt St and N Kerby Ave,619 N HUMBOLDT ST,Columbia Slough,residential,,New,2005,70,1,45.55853271,-122.6734238,High,45.55832,-122.673,High,,,,,,,,,,,
residence,1545 N Jessup St,N Jessup St and N Interstate Ave,1545 N JESSUP ST,Columbia Slough,residential,,New,2009,130,1,45.56432724,-122.6832123,High,45.56408,-122.682,High,,,,,,,,,,,
residence,1531 N Jessup St,N Jessup St and N Interstate Ave,1531 N JESSUP ST,Columbia Slough,residential,,New,2010,500,1,45.56432343,-122.6830215,High,45.56408,-122.682,High,,,,,,,,,,,
residence,4522 N Kerby Ave,N Kerby Ave and N Prescott St,4522 N KERBY AVE,Willamette,residential,,New,2007,500,1,45.55589294,-122.6726074,High,45.55551,-122.673,High,,,,,,,,,,,
residence,4905 N Kerby Ave,N Kerby Ave and SW Humboldt St,4905 N KERBY AVE,Columbia Slough,residential,,New,2005,70,1,45.55844116,-122.6732254,High,45.55814,-122.673,High,,,,,,,,,,,
residence,4911 N Kerby Ave,N Kerby Ave and SW Humboldt St,4911 N KERBY AVE,Columbia Slough,residential,,New,2005,70,1,45.55853271,-122.6732254,High,45.55814,-122.673,High,,,,,,,,,,,
residence,4917 N Kerby Ave,N Kerby Ave and SW Humboldt St,4917 N KERBY AVE,Columbia Slough,residential,,New,2005,70,1,45.55862427,-122.6732254,High,45.55814,-122.673,High,,,,,,,,,,,
residence,7055 N Lancaster Ave,N Lancaster Ave and N Buffalo St,7055 N LANCASTER AVE,Columbia Slough,residential,,New,2011,300,1,45.57433319,-122.6886139,High,45.57531,-122.688,High,,,,,,,,,,,
residence,6849 N Missouri Ave,N Missouri Ave and Dekum St,6849 N MISSOURI AVE,Columbia Slough,residential,,Reroof,2010,380,1,45.57253265,-122.6779861,High,45.57176,-122.678,High,,,,,,,,,,,
Woolsey Corner,4475 N Trenton St,4475 N Trenton St,4475 N TRENTON ST,Columbia Slough,commercial,,New,2010,180,1,45.58867514,-122.7130285,High,45.58863,-122.713,High,,,,,,,,,,,
residence,7918 N Wayland Ave,N Wayland Ave and N Winchell St,7918 N WAYLAND AVE,Columbia Slough,residential,,New,2013,1230,1,45.58102213,-122.7112643,High,45.58081,-122.711,High,,,,,,,,,,,
residence,4046 NE 11th Ave,NE 11th Ave and NE Mason St,4046 NE 11TH AVE,Willamette,residential,,New,2012,154,1,45.552742,-122.6544113,High,45.55328,-122.655,High,,,,Hand mixed soil blend,,,,,,,
residence,4855 NE 12th Ave,NE 12th Ave and NE Humboldt St,4855 NE 12TH AVE,Columbia Slough,residential,,New,2008,500,1,45.55822,-122.6536397,High,45.55822,-122.654,High,,,,,,,,,,,
residence,6215 NE 13th Ave,NE 13th Ave and NE Holman St,6215 NE 13TH AVE,Columbia Slough,residential,,New,2011,150,1,45.56777954,-122.6522903,High,45.56843,-122.652,High,,,,,,,,,,,
residence,3702 NE 14th Ave,NE 14th Ave and NE Beech St,3702 NE 14TH AVE,Willamette,residential,,New,2008,490,1,45.54961777,-122.6515121,High,45.54947,-122.652,High,,,,,,,,,,,
residence,4324 NE 17th Ave,NE 17th Ave and NE Skidmore St,4324 NE 17TH AVE,Willamette,residential,,Reroof,2006,250,1,45.55479431,-122.6479263,High,45.55436,-122.648,High,,,,,,,,,,,
residence,3946 NE 18th Ave,NE 18th Ave and NE Shaver St,3946 NE 18TH AVE,Willamette,residential,,,,50,1,45.55145645,-122.6469345,High,45.55187,-122.648,Manual,,,,,,,,,,,
residence,4626 NE 19th Ave,NE 19th Ave and NE Going St,4626 NE 19TH AVE,Columbia Slough,residential,,,,30,1,45.55675888,-122.6455383,High,45.55636,-122.646,High,,,,,,,,,,,
Sabin Green,4516-4522 NE 19th Ave,4516-4522 NE 19th Ave,4516-4522 NE 19TH AVE,Columbia Slough,commercial,,New,2007,260,2,45.55542983,-122.6458398,High,45.55543,-122.646,High,,,,,,,,,,,
residence,2240 NE Tillamook St,NE 22nd Ave and NE Tillamook St,2240 NE TILLAMOOK ST,Willamette,residential,,Reroof,2011,400,1,45.53713989,-122.6423187,High,45.53743,-122.643,High,,,,,,,,,,,
residence,4644 NE 25th Ave,NE 25th Ave and NE Going St,4644 NE 25TH AVE,Columbia Slough,residential,,Reroof,2004,60,1,45.55700302,-122.6396408,High,45.55634,-122.640,High,,,,,,,,,,,
residence,4731 NE 26th Ave,NE 26th Ave and NE Wygant St,4731 NE 26TH AVE,Columbia Slough,residential,,New,2007,1700,1,45.65548629,-122.6442144,High,45.55766,-122.639,High,,,,,,,,,,,
residence,4728 NE 28th Ave,NE 28th Ave and NE Wygant St,4728 NE 28TH AVE,Columbia Slough,residential,,,2003,40,1,45.65598115,-122.6426239,High,45.55766,-122.637,High,,,,,,,,,,,
residence,3125 E Burnside St,NE 31st Ave and E Burnside St,3125 E BURNSIDE ST,Willamette,residential,,New,2008,150,1,45.52312088,-122.6324921,High,45.52287,-122.633,High,,,,,,,,,,,
residence,3404 NE 32nd Ave,NE 32nd Ave and NE Fremont St,3404 NE 32ND AVE,Willamette,residential,,Reroof,2005,300,1,45.54755783,-122.6324081,High,45.54825,-122.633,High,,,,,,,,,,,
residence,3512 NE Tillamook St,NE 35th Ave and NE Tillamook St,3512 NE TILLAMOOK ST,Willamette,residential,,New,2008,90,1,45.5369072,-122.6279831,High,45.53708,-122.628,High,,,,,,,,,,,
residence,3424 NE 42nd Ave,NE 42nd Ave and NE Fremont St,3424 NE 42ND AVE,Columbia Slough,residential,,Reroof,2005,230,1,45.54795074,-122.6194611,High,45.54830,-122.620,High,,,,,,,,,,,
residence,6108 NE 45th Ave,NE 45th Ave and NE Ainsworth St,6108 NE 45TH AVE,Columbia Slough,residential,,New,2010,80,1,45.56771435,-122.6166715,High,45.56645,-122.617,High,,,,,,,,,,,
residence,2216 NE 50th Ave,NE 50th Ave and NE Thompson St,2216 NE 50TH AVE,Willamette,residential,,Reroof,1996,270,2,45.53861237,-122.611618,High,45.53903,-122.612,High,,,,,,,,,,,
residence,2105 NE 52nd Ave,NE 52nd Ave and NE Tillamook St,2105 NE 52ND AVE,Willamette,residential,,New,2013,50,1,45.53792572,-122.6102142,High,45.53778,-122.610,High,,,,,,,,,,,
residence,6110 NE 53rd Ave,NE 53rd Ave and NE Jarrett St,6110 NE 53RD AVE,Columbia Slough,residential,,New,2006,1150,1,45.66646993,-122.6173266,High,45.56412,-122.609,Manual,,,,,,,,,,,
residence,2813 NE 59th Ave,NE 59th Ave and NE Sandy Blvd,2813 NE 59TH AVE,Willamette,residential,,New,2009,285,1,45.54327393,-122.602829,High,45.54304,-122.603,High,,,,,,,,,,,
residence,25 NE 60th Ave,NE 60th Ave and E Burnside St,25 NE 60TH AVE,Willamette,residential,,Reroof,2009,350,1,45.5233078,-122.6026077,High,45.52287,-122.602,High,,,,,,,,,,,
residence,5919 NE Alberta St,NE 60th Ave and NE Alberta St,5919 NE ALBERTA ST,Columbia Slough,residential,,,,200,1,45.55944061,-122.6016541,High,45.55912,-122.601,High,,,,,,,,,,,
residence,2520 NE 7th Ave,NE 7th Ave and NE Brazee St,2520 NE 7TH AVE,Willamette,residential,,Reroof,2013,1780,1,45.53010941,-122.6580734,High,45.54056,-122.659,High,,,,,,,,,,,
residence,718 NE Dekum St,NE 8th Ave and NE Dekum St,718 NE DEKUM ST,Columbia Slough,residential,,New,2013,1800,1,45.57153702,-122.6578522,High,45.57177,-122.657,High,,,,,,,,,,,
Oregon Sustainable Agriculture Land Trust,822 NE Emerson St,822 NE Emerson St,822 NE EMERSON ST,Columbia Slough,commercial,,New,2010,150,1,45.56175515,-122.6574726,High,45.56180,-122.658,High,,,,,,,,,,,
residence,822 NE Holman St,NE 8th Ave and NE Holman St,822 NE HOLMAN ST,Columbia Slough,residential,,New,2008,145,1,45.56804276,-122.6566544,High,45.56834,-122.657,High,,,,,,,,,,,
residence,4208 NE 8th Ave,NE 8th Ave and NE Skidmore St,4208 NE 8TH AVE,Willamette,residential,,New,2009,390,1,45.5539856,-122.6573257,High,45.55455,-122.658,High,4,6,,Pro Gro Extensive,Yes,Hand,,,,,
residence,NE 9th and Rosa Parks Way,NE 9th and Rosa Parks Way,903 NE ROSA PARKS WAY,Columbia Slough,residential,,New,2012,220,1,45.57036705,-122.6559424,High,45.57032,-122.656,High,4,,,,,,,,,,
residence,4510 NE Going St,Ne Going St and NE 47th Ave,4510 NE GOING ST,Columbia Slough,residential,,Reroof,2010,1000,1,45.5563736,-122.6170273,High,45.55696,-122.615,High,3.5,8,,Philips Soil Products Intensive and Extensive Mix,Yes,Hand,,,,,
residence,1620 NW 130th Ave,NW 130th Ave and NW Marshall St,1620 NW 130TH AVE,,residential,,Reroof,2008,320,1,45.53147125,-122.8105774,High,45.53127,-122.811,High,,,,,,,,,,,
residence,13825 NW Laidlaw Rd,NW 137th Ave and NW Laidlaw Rd,13825 NW LAIDLAW RD,,residential,,New,2004,870,1,45.55707169,-122.8192902,High,45.55586,-122.818,High,,,,,,,,,,,
residence,1913 NW Northrup St,NW 19th Ave and NW Northrup St,1913 NW NORTHRUP ST,Willamette,residential,,Reroof,2010,1200,2,45.5314254,-122.6909566,High,45.53139,-122.691,High,,,,,,,,,,,
residence,2734 NW Savier St,NW 27th Ave and NW Savier St,2734 NW SAVIER ST,Willamette,residential,,Reroof,2009,135,1,45.53440094,-122.7076035,High,45.53463,-122.707,High,5,5,5,,Yes,Hand,,,,,
residence,3425 NW Savier St,NW 33rd Ave and NW Savier St,3425 NW SAVIER ST,Willamette,residential,,New,2004,260,1,45.53462601,-122.7168579,High,45.53446,-122.715,High,,,,,,,,,,,
residence,2035 NW 33rd Ave,NW 33rd Ave and NW Wilson St,2035 NW 33RD AVE,Willamette,residential,,Reroof,2007,360,1,45.53719711,-122.7163467,High,45.53732,-122.716,High,,,,,,,,,,,
residence,515 NW Albemarle Ter,NW Albemarle Ter and NW Ariel Ter,515 NW ALBEMARLE TER,Willamette,residential,,New,2009,550,1,45.52677536,-122.7067108,High,45.52693,-122.707,High,,,,,,,,,,,
residence,648 NW Melinda Ave,NW Melinda Ave and NW Marlborough Ave,648 NW MELINDA AVE,Willamette,residential,,,,300,1,45.52777863,-122.7056046,High,45.52761,-122.705,High,,,,,,,,,,,
residence,14838 NW Newberry Rd,NW Newbery Rd and NW Skyline Blvd,14838 NW NEWBERRY RD,,residential,,New,2010,255,1,45.60324097,-122.8293839,High,45.60567,-122.833,High,,,,,,,,,,,
residence,7943 NW Skyline Blvd,NW Skyline Blvd and NW Tualatin Ave,7943 NW SKYLINE BLVD,,residential,,New,1991,1050,1,45.57889175,-122.7986069,High,45.58104,-122.798,High,,,,,,,,,,,
residence,10505 NW St Helens Rd,NW St Helens Rd and NW 1st St,10505 NW ST HELENS RD,Willamette,residential,,New,,100,1,45.59729385,-122.7855301,High,45.60191,-122.788,High,,,,,,,,,,,
residence,1616 SE 11th Ave,SE 11th Ave and SE Clay St,1616 SE 11TH AVE,Willamette,residential,,Reroof,2011,280,1,45.51118851,-122.6543884,High,45.51151,-122.655,High,,,,,,,,,,,
residence,1616 SE Flavel St,SE 16th St and SE Flavel St,1616 SE FLAVEL ST,Johnson Creek,residential,,New,2010,50,1,45.47063828,-122.6493073,High,45.47084,-122.650,High,,,,,,,,,,,
residence,1715 SE Ash St,SE 17th Ave and SE Ash St,1715 SE ASH ST,Willamette,residential,,New,2010,450,1,45.52151464,-122.6482458,High,45.52147,-122.649,High,,,,,,,,,,,
residence,7755 SE 17th Ave,SE 17th Ave and SE Lambert St,7755 SE 17TH AVE,Johnson Creek,residential,,New,2010,120,4,45.46877772,-122.6471843,High,45.46829,-122.647,High,,,,,,,,,,,
residence,2823 SE 20th Ave,SE 20th Ave and SE Woodward St,2823 SE 20TH AVE,Willamette,residential,,New,2002,380,1,45.50219727,-122.6458511,High,45.50200,-122.646,High,,,,,,,,,,,
residence,2234 SE Grant St,SE 22nd Ave and SE Grant St,2234 SE GRANT ST,Willamette,residential,,New,2010,162,1,45.50680161,-122.6423645,High,45.50704,-122.643,High,,,,,,,,,,,
residence,2754 SE 27th Ave,SE 27th Ave and SE Clinton St,2754 SE 27TH AVE,Willamette,residential,,Reroof,2005,230,1,45.50271225,-122.6383362,High,45.50353,-122.639,High,,,,,,,,,,,
residence,310 SE 27th Ave,SE 27th Ave and SE Pine St,310 SE 27TH AVE,Willamette,residential,,New,2007,840,1,45.52050018,-122.6380157,High,45.52076,-122.638,High,,,,,,,,,,,
residence,2711 SE Pine St,SE 27th Ave and SE Pine St,2711 SE PINE ST,Willamette,residential,,Reroof,2010,100,1,45.52093124,-122.63797,High,45.52076,-122.638,High,,,,,,,,,,,
residence,3016 SE Taggart St,SE 30th Ave and SE Taggart St,3016 SE TAGGART ST,Willamette,residential,,Reroof,2005,190,1,45.50237274,-122.6342468,High,45.50243,-122.635,High,,,,,,,,,,,
residence,2534 SE 31st Ave,SE 31st Ave and SE Division St,2534 SE 31ST AVE,Willamette,residential,,Reroof,2011,95,1,45.50424194,-122.6332626,High,45.50481,-122.634,High,4,4,,Mixed by owner,,Unknown (Hand?),,,,,
residence,3019 SE Woodward St,SE 31st Ave and SE Woodward St,3019 SE WOODWARD ST,Willamette,residential,,Reroof,2005,140,1,45.50217438,-122.6341629,High,45.50194,-122.634,High,,,,,,,,,,,
Reach Development,3630-3650 SE 33rd Ave,3630-3650 SE 33rd Ave,3630-3650 SE 33RD AVE,Willamette,commercial,,New,2006,360,6,45.51647186,-122.6309509,Medium,45.49680,-122.631,High,,,,,,,,,,,
residence,3426 SE Stephens St,SE 35th Ave and SE Stephens St,3426 SE STEPHENS ST,Willamette,residential,,Reroof,2012,260,1,45.50930786,-122.6290131,High,45.50952,-122.629,High,,,,,,,,,,,
residence,4067 SE Pardee St,SE 41st Ave and SE Pardee St,4067 SE PARDEE ST,Willamette,residential,,New,2011,50,1,45.4897728,-122.6203308,High,45.48955,-122.620,High,,,,,,,,,,,
residence,1304 SE 53rd Ave,SE 53rd Ave and SE Salmon St,1304 SE 53RD AVE,Willamette,residential,,New,2003,450,1,45.51342773,-122.6080933,High,45.51425,-122.608,High,,,,,,,,,,,
Apex Wellness Center,5308 SE Rhone St,5308 SE Rhone St,5308 SE RHONE ST,Willamette,commercial,,New,2011,145,1,45.49594116,-122.6077728,High,45.49614,-122.607,High,,,,,,,,,,,
residence,1902 SE 56th Ave,SE 56th Ave and SE Lincoln St,1902 SE 56TH AVE,Willamette,residential,,New,2013,2534,1,45.50930053,-122.6054632,High,45.50804,-122.606,High,,,,,,,,,,,
residence,4709 SE 64th Ave,SE 64th Ave and SE Schiller St,4709 SE 64TH AVE,Willamette,residential,,New,2004,430,3,45.48876572,-122.5972366,High,45.48839,-122.597,High,,,,,,,,,,,
residence,37 SE 65th Ave,SE 65th Ave and E Burnside St,37 SE 65th Ave,Willamette,residential,,Reroof,2013,,2,45.5230502,-122.59755,High,45.52305,-122.598,High,,,,,,,,,,,
residence,8006 SE Lafayette St,SE 80th Ave and Lafayette,8006 SE LAFAYETTE ST,Willamette,residential,,Reroof,2010,60,1,45.49603653,-122.5806656,High,45.49619,-122.581,High,,,,,,,,,,,
residence,8747 SE Steele St,SE 88th Ave and SE Steele St,8747 SE STEELE ST,Johnson Creek,residential,,Reroof,2012,1050,1,45.48478317,-122.5725708,High,45.48474,-122.572,Manual,4,4,4,Phillip's Soil Products Extensive Mix,Yes,Hand,,,,,
residence,8503 SE 9th Ave,SE 9th Ave and SE Sherrett St,8503 SE 9TH AVE,Willamette,residential,,New,2007,100,1,45.4613266,-122.65728,High,45.46148,-122.657,High,,,,,,,,,,,
residence,3527 SE Ankeny St,SE Ankeny St and SE Laurelhurst Pl,3527 SE ANKENY ST,Willamette,residential,,Reroof,2012,360,1,45.52243805,-122.6267624,High,45.52238,-122.626,High,,,,,,,,,,,
residence,1842 SE Hazel St,SE Hazel St and SE Locust Ave-Elliot Ave Alley,1842 SE HAZEL ST,Willamette,residential,,Reroof,2013,322,1,45.50965881,-122.6468582,High,45.50992,-122.647,Manual,,,Variety (Garden boxes on roof),soil mix and pumice,,,,,,,
residence,1233 SE Main St,SE Main St and SE 13th Ave,1233 SE MAIN ST,Willamette,residential,,,,60,1,45.51379776,-122.6528702,High,45.51364,-122.653,High,,,,,,,,,,,
residence,6607 SE Scott Dr,SE Scott Dr and SE 66th Pl,6607 SE SCOTT DR,Willamette,residential,,Reroof,2008,3000,1,45.51826096,-122.5953903,High,45.51794,-122.595,High,,,,,,,,,,,
residence,9777 SE Tenino Ct,SE Tenino Ct and SE Clatsop St,9777 SE TENINO CT,Johnson Creek,residential,,New,2003,720,1,45.45980453,-122.5654068,High,45.46129,-122.565,High,,,,,,,,,,,
residence,4103 SE Yamhill St,SE Yamhill St and SE 42nd Ave,4103 SE YAMHILL ST,Willamette,residential,,Reroof,2010,175,1,45.51608276,-122.6200027,High,45.51583,-122.619,High,,,,,,,,,,,
residence,1532 SW Davenport St,SW 16th Ave and SW Davenport,1532 SW DAVENPORT ST,Willamette,residential,,Reroof,2010,200,1,45.506577,-122.695801,High,45.50684,-122.696,High,,,,,,,,,,,
residence,7345 SW 29th Ave,SW 29th Ave and SW Miles St,7345 SW 29TH AVE,Fanno/Tryon,residential,,Reroof,2011,75,1,45.47106934,-122.7069778,High,45.47068,-122.707,High,,,,,,,,,,,
residence,3720 SW Vacuna St,SW 37th Ave and SW Vacuna St,3720 SW VACUNA ST,Fanno/Tryon,residential,,New,2008,740,2,45.44163895,-122.7154694,High,45.44181,-122.715,High,6,6,,Pro Gro Extensive Mix,,,,,,,
residence,4527 SW Cameron Rd,SW 45th Ave and SW Cameron Rd,4527 SW CAMERON RD,Fanno/Tryon,residential,,Reroof,2011,160,1,45.48372269,-122.7238464,High,45.48350,-122.723,High,,,,,,,,,,,
residence,4711 SW Vesta St,SW 47th Ave and SW Vesta St,4711 SW VESTA ST,Fanno/Tryon,residential,,New,2007,200,1,45.44132614,-122.7255173,High,45.44111,-122.725,High,,,,,,,,,,,
residence,3344 SW 48th Ave,SW 48th Ave and SW Patton Rd,3344 SW 48TH AVE,Fanno/Tryon,residential,,New,2010,1300,1,45.49869919,-122.7256622,High,45.49828,-122.726,High,,,,,,,,,,,
residence,7522 SW 59th Ave,SW 59th Ave and SW Logan Ct,7522 SW 59TH AVE,Fanno/Tryon,residential,,New,2010,225,1,45.47036362,-122.7370071,High,45.47058,-122.737,High,,,,,,,,,,,
residence,SW 9th and Evans St,"SW 9th and Evans St, Portland",910 SW EVANS ST,Willamette,residential,,Reroof,2012,64,1,45.46669388,-122.6879501,High,45.46682,-122.688,High,,,,,,,,,,,
residence,10930 SW Boones Ferry Rd,SW Boones Ferry Rd and SW Arnold St,10930 SW BOONES FERRY RD,Fanno/Tryon,residential,,Reroof,2013,680,1,45.44635773,-122.6858826,High,45.44661,-122.687,High,,,,,,,,,,,
residence,2926 SW Boundary St,SW Boundary St and SW Dosch Rd,2926 SW BOUNDARY ST,Fanno/Tryon,residential,,New,2010,750,2,45.48448181,-122.7072906,High,45.48476,-122.708,High,,,,,,,,,,,
residence,5944 SW Canby St,SW Canby St and SW 60th Ave,5944 SW CANBY ST,Fanno/Tryon,residential,,New,2004,270,1,45.46884918,-122.7381668,High,45.46943,-122.738,High,,,,,,,,,,,
residence,935 SW Davenport St,SW Davenport St and SW Chelmsford Ave,935 SW DAVENPORT ST,Willamette,residential,,New,2010,1300,2,45.50593948,-122.6878738,High,45.50510,-122.688,High,,,,,,,,,,,
residence,3135 SW Evergreen Ln,SW Evergreen Ln and SW Evergreen Ter,3135 SW EVERGREEN LN,Willamette,residential,,New,2012,2800,1,45.51745605,-122.711937,High,45.51693,-122.712,High,,,,,,,,,,,
residence,4900 SW Humphrey Blvd,SW Humphrey Blvd and SW Humphrey Park Rd,4900 SW HUMPHREY BLVD,Fanno/Tryon,residential,,New,2012,1000,1,45.50460052,-122.7277527,High,45.50540,-122.729,High,4,4,,Phillips Soil Products Intensive Green Roof Growing Media B,Yes,Hand,,,,,
residence,4012 SW Idaho Ter,Sw Idaho Ter and SW Dakota St,4012 SW IDAHO TER,Fanno/Tryon,residential,,Natural,2000,1900,1,45.47687912,-122.7185516,High,45.47712,-122.720,High,,,,,,,,,,Dan Manning,
residence,4925 SW Miles St,SW Miles St and SW 51st Ave,4925 SW MILES ST,Fanno/Tryon,residential,,New,2012,500,1,45.47197342,-122.7273865,High,45.47182,-122.729,High,,,,,,,,,,,
residence,2855 SW Rutland Terrace,SW Rutland Ter and SW Champlain Dr,2855 SW RUTLAND TER,Willamette,residential,,Natural,2008,2500,1,45.52330017,-122.7077103,High,45.52236,-122.709,High,,,,,,,,,,,
Portland Children's Museum,4015 SW Canyon Rd,4015 SW Canyon Rd,,Willamette,institutional,,New,2013,740,1,,,,,,,,,,,,,,,,,
Collaborative Life Sciences Building,2750 SW Moody Ave,2750 SW Moody Ave,,Willamette,institutional,,New,2014,15300,1,,,,,,,,,,,,,,,,,
residence,6151 NE Failing St.,,,Columbia Slough,residential,,New,2013,1100,1,,,,,,,,,,,,,,,,,
Fred Meyer Stadium,100 NW 20th Pl,100 NW 20th Pl,,Willamette,commercial,,New,2014,25000,1,,,,,,,,,,,,,,,,,
The Woodlawn,6808 NE Durham Ave,6808 NE Durham Ave,,Columbia Slough,commercial,,New,2014,4700,1,,,,,,,,,,,,,,,,,
Metro Oregon Zoo Elephant Barn,4001 SW Canyon Rd,4001 SW Canyon Rd,,Willamette,governmental,,New,2015,5300,1,,,,,,,,,,,,,,,,,
Legacy Emanuel Medical Center,2801 N Gantenein Ave,2801 N Gantenein Ave,,Willamette,institutional,,New,2014,60,1,,,,,,,,,,,,,,,,,
Stephens Creek Crossing,6650 SW Capitol Hwy,6650 SW Capitol Hwy,,Willamette,commercial,,New,2014,17000,2,,,,,,,,,,,,,,,,,
residence,6116 SE Stephens St,,,Willamette,residential,,New,2013,290,1,,,,,,,,,,,,,,,,,
residence,2712 SE Salmon St,,,Willamette,residential,,New,2014,140,1,,,,,,,,,,,,,,,,,
Nick Weitzer Company,3909 SE Lincoln St,3909 SE Lincoln St,,Willamette,commercial,,New,2013,600,1,,,,,,,,,,,,,,,,,
Apple,710 SW 5th Ave,710 SW 5th Ave,,Willamette,commercial,,New,2014,10000,1,,,,,,,,,,,,,,,,,
Trimet South Waterfront,2997 SW Moody Ave,2997 SW Moody Ave,,Willamette,commercial,,New,2014,1450,1,,,,,,,,,,,,,,,,Dan Manning,
Trimet Sellwood,SE Tacoma Park and Ride Rd,SE Tacoma Park and Ride Rd,,Willamette,commercial,,New,2014,500,1,,,,,,,,,,,,,,,,,
residence,0203 SW Palater Rd,,,Fanno/Tryon,residential,,New,2014,1700,1,,,,,,,,,,,,,,,,,
Trio Club,909 E Burnside St,909 E Burnside St,,Willamette,commercial,,New,2013,4100,1,,,,,,,,,,,,,,,,,
Williams Townhomes,4804 N Williams Ave,4804 N Williams Ave,,Willamette,commercial,,New,2013,3500,1,,,,,,,,,,,,,,,,,
residence,2865 NW Cornell Rd,,,Willamette,residential,,Reroof,2014,250,1,,,,,,,,,,,,,,,,,
COP Emergency Coordination Center,3732 SE 99th Ave,3732 SE 99th Ave,,Johnson Creek,governmental,,New,2013,10500,1,,,,,,,,,,,,,,,,,
New Seasons Williams,3445 N Williams Ave,3445 N Williams Ave,,Willamette,commercial,,New,2014,330,1,,,,,,,,,,,,,,,,,
3339 Apartments,3339 SE Division St,3339 SE Division St,,Willamette,commercial,,New,2013,750,1,,,,,,,,,,,,,,,,,
residence,4830 NE 32nd Ave,,,Columbia Slough,residential,,New,2014,190,1,,,,,,,,,,,,,,,,,
residence,2531 NE 38th Ave,,,Willamette,residential,,New,2014,160,1,,,,,,,,,,,,,,,,,
Gunderson #3,4350 NW Front Ave,4350 NW Front Ave,,Willamette,commercial,,Reroof,2014,2300,1,,,,,,,,,,,,,,,,,
COP Whitaker Ponds pump station ,6916 NE 47th Ave,6916 NE 47th Ave,,Columbia Slough,governmental,,New,2014,250,1,,,,,,,,,,,,,,,,,
Couve,3724 N Vancouver Ave,3724 N Vancouver Ave,,Willamette,commercial,,New,2014,380,1,,,,,,,,,,,,,,,,,
New York building,2110 NW York St,2110 NW York St,,Willamette,commercial,,New,2015,400,1,,,,,,,,,,,,,,,,,
Brown building,3039 N Williams Ave,3039 N Williams Ave,,Willamette,commercial,,New,2015,560,1,,,,,,,,,,,,,,,,,
COP Khunamokwst Park,5200 NE Alberta St,5200 NE Alberta St,,Columbia Slough,governmental,,New,2015,310,1,,,,,,,,,,,,,,,,,
COP Interstate O&M Center,2010 N Interstate Ave,2010 N Interstate Ave,,Willamette,governmental,,New,2015,18900,1,,,,,,,,,,,,,,,,,
COP Zenger Farm Urban Grange,11705 SE Foster Rd,11705 SE Foster Rd,,Johnson Creek,governmental,,New,2015,2700,1,,,,,,,,,,,,,,,,,
The Albina,4326 N Mississippi Ave,4326 N Mississippi Ave,,Willamette,commercial,,New,2015,9000,1,,,,,,,,,,,,,,,,,
residence,1041 SW Vista Ave,,,Willamette,residential,,New,2013,300,1,,,,,,,,,,,,,,,,,
Hassalo on Eighth,1088 NE 7th Ave,1088 NE 7th Ave,,Willamette,commercial,  ,New,2015,38000,1,,,,,,,,,,,,,,,,,
Aster Tower,1061 NE 9th Ave,1061 NE 9th Ave,,Willamette,commercial,,New,2015,12000,1,,,,,,,,,,,,,,,,,
Daimler,4747 N Channel Ave,4747 N Channel Ave,,Willamette,commercial,,New,2015,,1,,,,,,,,,,,,,,,,,
COP SW 86th pump station,7000 SW Caroland Rd,7000 SW Caroland Rd,,Fanno/Tryon,governmental,,New,2015,2700,3,,,,,,,,,,,,,,,,,
New Seasons Lombard,6300 N Lombard St,6300 N Lombard St,,Willamette,commercial,,New,2016,,2,,,,,,,,,,,,,,,,,
Block 17,1315 NW 11th Ave,1315 NW 11th Ave,,Willamette,commercial,,New,2015,5100,1,,,,,,,,,,,,,,,,,
Yard,33 NE 3rd Ave,33 NE 3rd Ave,,Willamette,commercial,,New,2016,,1,,,,,,,,,,,,,,,,,
residence,2871 NW Cornell Rd,,,Willamette,residential,,New,2014,180,1,,,,,,,,,,,,,,,,,
residence,231 NE Hancock St,,,Willamette,residential,,New,2015,1000,1,,,,,,,,,,,,,,,,,
residence,4107 N Albina Ave,,,Willamette,residential,,Reroof,,150,1,,,,,,,,,,,,,,,,,
residence,1842 SE Hazel St,,,Willamette,residential,,Reroof,2013,320,1,,,,,,,,,,,,,,,,,
Beech Street Apartments,3650 NE Mallory Ave,,,Willamette,commercial,,New,2014,1700,1,,,,,,,,,,,,,,,,,
